CH,coal,crude,natgas,agr,mine,man1,ref,man2,man3,util,cons,ser1,tran,ser2,ser3,Int,fin,Imp,Exp,TO,NX,,CH,coal,crude,natgas,agr,mine,man1,ref,man2,man3,util,cons,ser1,tran,ser2,ser3,Int,fin,Imp,Exp,TO,NX,Cons
coal,7508.896478,5163.892456,2890.249089,1133.692662,11263.24603,11518.9963,14722.95877,59124.71558,43821.61773,79733.95681,2731.175492,823.9660582,3270.366912,1356.850726,5629.952287,250694.5334,3372.932572,62736.63214,1010.67215,192341.506,-61725.95999,,coal,7.508896478,5.163892456,2.890249089,1.133692662,11.26324603,11.5189963,14.72295877,59.12471558,43.82161773,79.73395681,2.731175492,0.823966058,3.270366912,1.356850726,5.629952287,250.6945334,3.372932572,62.73663214,1.01067215,192.341506,-61.72595999,254.067466
crude,1675.92863,1152.541553,645.0816323,0,2513.870919,971.3481044,219701.2084,17827.66261,822.5306385,100.8379784,0,54.45112661,0.064959006,9.936798252,18.34449357,245493.8078,0,114971.0856,1751.155092,132273.8773,-113219.9305,,crude,1.67592863,1.152541553,0.645081632,0,2.513870919,0.971348104,219.7012084,17.82766261,0.822530638,0.100837978,0,0.054451127,6.4959E-05,0.009936798,0.018344494,245.4938078,0,114.9710856,1.751155092,132.2738773,-113.2199305,245.4938078
natgas,1185.519271,815.2854466,456.3181824,84.21651193,1778.263325,2672.982518,464.9916256,47719.77648,5583.93584,28874.34139,0,1507.77176,3504.436088,275.1536051,507.9657866,95430.95783,1416.718846,24608.24017,1794.72605,74034.16256,-22813.51412,,natgas,1.185519271,0.815285447,0.456318182,0.084216512,1.778263325,2.672982518,0.464991626,47.71977648,5.58393584,28.87434139,0,1.50777176,3.504436088,0.275153605,0.507965787,95.43095783,1.416718846,24.60824017,1.79472605,74.03416256,-22.81351412,96.84767667
agr,487.701635,335.3939958,187.7212198,177808.7296,731.5460426,592505.4389,7.802206457,47279.97506,6463.417142,16.30533097,9598.000433,47092.2388,9869.260711,6377.307145,6431.850257,905192.6884,410164.3753,72058.59893,17751.82797,1261050.293,-54306.77096,,agr,0.487701635,0.335393996,0.18772122,177.8087296,0.731546043,592.5054389,0.007802206,47.27997506,6.463417142,0.016305331,9.598000433,47.0922388,9.869260711,6.377307145,6.431850257,905.1926884,410.1643753,72.05859893,17.75182797,1261.050293,-54.30677096,1315.357064
mine,6573.900873,4520.892947,2530.359963,182.4459087,9860.764909,770.9827049,1542.616542,79276.18316,280160.8785,2574.35602,35176.07648,3.981568075,1192.595245,882.2082084,811.028042,426059.271,8788.611881,152168.2681,5830.116174,288509.731,-146338.1519,,mine,6.573900873,4.520892947,2.530359963,0.182445909,9.860764909,0.770982705,1.542616542,79.27618316,280.1608785,2.57435602,35.17607648,0.003981568,1.192595245,0.882208208,0.811028042,426.059271,8.788611881,152.1682681,5.830116174,288.509731,-146.3381519,434.8478829
man1,3421.679166,2353.099857,1317.038412,132546.955,5132.473777,1064253.588,2828.788907,109160.0993,152834.9382,9613.874732,90028.78692,167888.5343,20117.67112,78950.9482,123258.0336,1963706.51,686718.9165,94465.96067,363842.5691,2919802.035,269376.6085,,man1,3.421679166,2.353099857,1.317038412,132.546955,5.132473777,1064.253588,2.828788907,109.1600993,152.8349382,9.613874732,90.02878692,167.8885343,20.11767112,78.9509482,123.2580336,1963.70651,686.7189165,94.46596067,363.8425691,2919.802035,269.3766085,2650.425426
ref,4794.420749,3297.138696,1845.420328,7762.417627,7191.568111,10666.63406,10063.65173,95420.58031,71615.05698,18955.78441,32234.70822,4602.219465,100063.8754,15584.31466,17508.55726,401606.348,8229.556092,44775.52311,13959.64789,379020.0289,-30815.87523,,ref,4.794420749,3.297138696,1.845420328,7.762417627,7.191568111,10.66663406,10.06365173,95.42058031,71.61505698,18.95578441,32.23470822,4.602219465,100.0638754,15.58431466,17.50855726,401.606348,8.229556092,44.77552311,13.95964789,379.0200289,-30.81587523,409.8359041
man2,9997.636848,6875.407279,3848.190061,83385.32793,14996.32387,193257.006,6284.370499,815205.7174,373131.2467,9093.037931,473073.7181,16410.97918,21594.57572,33308.34245,150174.9074,2210636.787,79438.81902,208916.6038,215215.3021,2296374.305,6298.698384,,man2,9.997636848,6.875407279,3.848190061,83.38532793,14.99632387,193.257006,6.284370499,815.2057174,373.1312467,9.093037931,473.0737181,16.41097918,21.59457572,33.30834245,150.1749074,2210.636787,79.43881902,208.9166038,215.2153021,2296.374305,6.298698384,2290.075606
man3,27908.87845,19193.02621,10742.40546,16829.13496,41862.95087,68802.90893,7173.985077,141062.1186,3088563.501,71192.87021,575454.6586,42555.11328,76800.39395,191655.127,104311.6476,4484108.72,1203299.239,814355.1539,1163948.223,6037001.028,349593.0688,,man3,27.90887845,19.19302621,10.74240546,16.82913496,41.86295087,68.80290893,7.173985077,141.0621186,3088.563501,71.19287021,575.4546586,42.55511328,76.80039395,191.655127,104.3116476,4484.10872,1203.299239,814.3551539,1163.948223,6037.001028,349.5930688,5687.407959
util,14082.35557,9684.48159,5420.439007,9659.642181,21123.34827,39580.32278,8283.992696,108834.3487,144361.1707,208778.3996,29795.86868,23027.67391,9418.266198,17930.96542,26348.04293,676329.3182,34875.52832,2558.050178,1802.313535,710449.1098,-755.7366422,,util,14.08235557,9.68448159,5.420439007,9.659642181,21.12334827,39.58032278,8.283992696,108.8343487,144.3611707,208.7783996,29.79586868,23.02767391,9.418266198,17.93096542,26.34804293,676.3293182,34.87552832,2.558050178,1.802313535,710.4491098,-0.755736642,711.2048465
cons,233.8388859,160.8117601,90.00691768,347.913447,350.7552556,834.8009904,182.3879647,1005.119045,2227.632861,336.266628,26601.14801,4915.674136,3030.165,11227.41073,24772.36971,76316.30135,2063381.824,6575.956295,8911.34807,2142033.517,2335.391775,,cons,0.233838886,0.16081176,0.090006918,0.347913447,0.350755256,0.83480099,0.182387965,1.005119045,2.227632861,0.336266628,26.60114801,4.915674136,3.030165,11.22741073,24.77236971,76.31630135,2063.381824,6.575956295,8.91134807,2142.033517,2.335391775,2139.698125
ser1,5905.866684,4061.483669,2273.226945,30272.88045,8858.722405,94680.45145,14928.87049,79746.79248,247787.5382,11592.61454,103972.1083,54147.19115,36127.28487,86434.69717,109082.9299,889872.6587,508636.5211,33562.79134,105353.5248,1470299.913,71790.73347,,ser1,5.905866684,4.061483669,2.273226945,30.27288045,8.858722405,94.68045145,14.92887049,79.74679248,247.7875382,11.59261454,103.9721083,54.14719115,36.12728487,86.43469717,109.0829299,889.8726587,508.6365211,33.56279134,105.3535248,1470.299913,71.79073347,1398.50918
tran,7518.092896,5170.216863,2893.788882,16586.98189,11277.04053,55994.17886,13843.02472,62963.32849,108560.7802,8701.679005,147408.6059,82712.97429,58138.71255,32456.52123,33810.64107,648036.5674,103111.3607,42501.9098,88759.82918,797405.8474,46257.91938,,tran,7.518092896,5.170216863,2.893788882,16.58698189,11.27704053,55.99417886,13.84302472,62.96332849,108.5607802,8.701679005,147.4086059,82.71297429,58.13871255,32.45652123,33.81064107,648.0365674,103.1113607,42.5019098,88.75982918,797.4058474,46.25791938,751.147928
ser2,7858.848309,5404.555465,3024.949037,34171.85251,11788.16917,98723.33675,5870.193557,99238.69404,246816.4486,44730.27524,103995.6599,196780.2485,66552.37566,232833.4865,120676.7611,1278465.854,703799.6008,81653.07802,80302.53131,1980914.908,-1350.546711,,ser2,7.858848309,5.404555465,3.024949037,34.17185251,11.78816917,98.72333675,5.870193557,99.23869404,246.8164486,44.73027524,103.9956599,196.7802485,66.55237566,232.8334865,120.6767611,1278.465854,703.7996008,81.65307802,80.30253131,1980.914908,-1.350546711,1982.265455
ser3,3169.161031,2179.442317,1219.841665,9902.499614,4753.699894,18033.55125,787.9005302,18732.13962,52717.15458,12312.86284,11916.14621,36509.49052,23904.37514,43005.04828,92984.80803,332128.1215,1276976.463,35544.73877,15955.37787,1589515.224,-19589.3609,,ser3,3.169161031,2.179442317,1.219841665,9.902499614,4.753699894,18.03355125,0.78790053,18.73213962,52.71715458,12.31286284,11.91614621,36.50949052,23.90437514,43.00504828,92.98480803,332.1281215,1276.976463,35.54473877,15.95537787,1589.515224,-19.5893609,1609.104585
Intmed,102322.7255,70367.6701,39385.0368,520674.6902,153482.7434,2253266.528,306686.7437,1782597.251,4825467.848,506607.4627,1641986.661,679032.5081,433584.4195,752288.3181,816327.8393,,,,,,,,Intmed,102.3227255,70.3676701,39.3850368,520.6746902,153.4827434,2253.266528,306.6867437,1782.597251,4825.467848,506.6074627,1641.986661,679.0325081,433.5844195,752.2883181,816.3278393,,,,,,,
VA,90018.78049,61906.20724,34649.12575,740375.6026,135026.9876,666535.5069,72333.28518,513777.0539,1211533.18,203841.6472,500046.8554,791267.4051,363821.4279,1228626.59,773187.3845,,,,,,,,VA,90.01878049,61.90620724,34.64912575,740.3756026,135.0269876,666.5355069,72.33328518,513.7770539,1211.53318,203.8416472,500.0468554,791.2674051,363.8214279,1228.62659,773.1873845,,,,,,,
TO,192341.506,132273.8773,74034.16256,1261050.293,288509.731,2919802.035,379020.0289,2296374.305,6037001.028,710449.1098,2142033.517,1470299.913,797405.8474,1980914.908,1589515.224,,,,,,,,TO,192.341506,132.2738773,74.03416256,1261.050293,288.509731,2919.802035,379.0200289,2296.374305,6037.001028,710.4491098,2142.033517,1470.299913,797.4058474,1980.914908,1589.515224,,,,,,,
Cap,58295.49748,40090.00265,22438.51796,38170.66003,87442.48005,430365.5059,51213.45508,350735.8747,817524.0139,152020.611,244903.7306,594639.3756,265223.6265,934780.7748,234792.9105,,,,,,,,Cap,58.29549748,40.09000265,22.43851796,38.17066003,87.44248005,430.3655059,51.21345508,350.7358747,817.5240139,152.020611,244.9037306,594.6393756,265.2236265,934.7807748,234.7929105,,,,,,,
Lab,31723.28301,21816.20459,12210.60779,702204.9425,47584.50758,236170.001,21119.83011,163041.1792,394009.1661,51821.03614,255143.1248,196628.0296,98597.80135,293845.8155,538394.4741,,,,,,,,Lab,31.72328301,21.81620459,12.21060779,702.2049425,47.58450758,236.170001,21.11983011,163.0411792,394.0091661,51.82103614,255.1431248,196.6280296,98.59780135,293.8458155,538.3944741,,,,,,,
,,,,,,,,,,,,,,,,,,,,,,,,,,,,,,,,,,,,,,,,,,,,,
,,,,,,,,,,,,,,,,,,,,,,,,,,,,,,,,,,,,,,,,,,,,,
EU,coal,crude,natgas,agr,mine,man1,ref,man2,man3,util,cons,ser1,tran,ser2,ser3,Int,fin,Imp,Exp,TO,NX,,EU,coal,crude,natgas,agr,mine,man1,ref,man2,man3,util,cons,ser1,tran,ser2,ser3,Int,fin,Imp,Exp,TO,NX,Cons
coal,159.7224477,135.0246421,169.3471022,450.4971678,384.8321085,1047.420036,4874.171416,1772.045616,8397.417203,23381.77218,205.0711621,333.7359308,83.03928696,396.0997951,480.1837366,42270.37983,6520.139053,27317.88478,1830.843707,23303.47781,-25487.04107,,coal,0.159722448,0.135024642,0.169347102,0.450497168,0.384832108,1.047420036,4.874171416,1.772045616,8.397417203,23.38177218,0.205071162,0.333735931,0.083039287,0.396099795,0.480183737,42.27037983,6.520139053,27.31788478,1.830843707,23.30347781,-25.48704107,48.79051888
crude,1.024979297,9.929949138,4.489544152,0,2.737255451,0,261998.9686,2.415369622,0,0,0,0,0,0,0,262019.5656,0,188996.1194,5029.598789,78053.045,-183966.5206,,crude,0.001024979,0.009929949,0.004489544,0,0.002737255,0,261.9989686,0.00241537,0,0,0,0,0,0,0,262.0195656,0,188.9961194,5.029598789,78.053045,-183.9665206,262.0195656
natgas,586.7650434,3846.696763,2155.078483,26.12255735,1352.483904,1228.81297,771.5889296,6539.277756,3039.220206,104588.6742,679.5989141,422.9426736,210.043575,284.7522896,334.4008845,126066.4591,6822.537399,87635.83822,3114.603326,48367.76165,-84521.23489,,natgas,0.586765043,3.846696763,2.155078483,0.026122557,1.352483904,1.22881297,0.77158893,6.539277756,3.039220206,104.5886742,0.679598914,0.422942674,0.210043575,0.28475229,0.334400885,126.0664591,6.822537399,87.63583822,3.114603326,48.36776165,-84.52123489,132.8889965
agr,29.78219463,62.73323487,38.98633373,79875.4353,52.32278989,273989.1321,331.5020675,4477.244475,2107.70005,1225.300149,4197.892966,30015.51475,1539.823655,3813.181856,12637.91175,414394.4637,281488.4549,71826.79604,33705.31351,657761.4361,-38121.48253,,agr,0.029782195,0.062733235,0.038986334,79.8754353,0.05232279,273.9891321,0.331502067,4.477244475,2.10770005,1.225300149,4.197892966,30.01551475,1.539823655,3.813181856,12.63791175,414.3944637,281.4884549,71.82679604,33.70531351,657.7614361,-38.12148253,695.8829186
mine,533.2939031,848.944522,776.2047926,894.1284807,2384.916859,2169.77331,3818.989953,21360.93255,40937.16864,4777.231861,18657.66092,2347.924021,1145.093896,2027.368741,1676.494752,104356.1272,2638.53317,52036.04673,15233.44223,70192.05587,-36802.6045,,mine,0.533293903,0.848944522,0.776204793,0.894128481,2.384916859,2.16977331,3.818989953,21.36093255,40.93716864,4.777231861,18.65766092,2.347924021,1.145093896,2.027368741,1.676494752,104.3561272,2.63853317,52.03604673,15.23344223,70.19205587,-36.8026045,106.9946604
man1,153.9444918,273.3234618,234.0059482,49094.63225,558.2717354,416728.8669,3385.604089,40862.80469,82133.76933,4892.459099,52279.38657,212442.5381,14697.22047,98747.74506,102432.5763,1078917.148,1211918.898,298181.4594,315002.38,2307656.967,16820.92058,,man1,0.153944492,0.273323462,0.234005948,49.09463225,0.558271735,416.7288669,3.385604089,40.86280469,82.13376933,4.892459099,52.27938657,212.4425381,14.69722047,98.74774506,102.4325763,1078.917148,1211.918898,298.1814594,315.00238,2307.656967,16.82092058,2290.836046
ref,322.391145,473.2326084,412.4312968,21169.03078,1468.926147,14708.4038,92095.20771,54948.3124,27011.59387,23928.94636,21914.54014,47212.77648,97621.64344,28504.23875,32729.4296,464521.1045,281220.2548,126629.4749,97215.34979,716327.2343,-29414.12507,,ref,0.322391145,0.473232608,0.412431297,21.16903078,1.468926147,14.7084038,92.09520771,54.9483124,27.01159387,23.92894636,21.91454014,47.21277648,97.62164344,28.50423875,32.7294296,464.5211045,281.2202548,126.6294749,97.21534979,716.3272343,-29.41412507,745.7413593
man2,549.0279562,791.171353,720.3692472,29821.85242,2431.230072,86480.63567,30267.27192,335561.7413,191034.8596,8619.731358,182708.7629,51482.72186,15085.05401,41042.38884,100028.7692,1076625.588,402865.224,258473.5994,387082.83,1608100.042,128609.2306,,man2,0.549027956,0.791171353,0.720369247,29.82185242,2.431230072,86.48063567,30.26727192,335.5617413,191.0348596,8.619731358,182.7087629,51.48272186,15.08505401,41.04238884,100.0287692,1076.625588,402.865224,258.4735994,387.08283,1608.100042,128.6092306,1479.490812
man3,1643.552104,3004.194665,2461.803093,20496.69555,4843.905533,63920.0599,18576.7424,77157.72931,1806909.486,39376.54945,220050.2228,118298.7234,58591.7371,113414.9376,148711.8035,2697458.142,1698988.335,776163.848,1197581.956,4817864.585,421418.1076,,man3,1.643552104,3.004194665,2.461803093,20.49669555,4.843905533,63.9200599,18.5767424,77.15772931,1806.909486,39.37654945,220.0502228,118.2987234,58.5917371,113.4149376,148.7118035,2697.458142,1698.988335,776.163848,1197.581956,4817.864585,421.4181076,4396.446478
util,1040.23453,2874.728128,1715.679443,14475.31145,2775.356187,55576.56457,12460.18774,53820.81416,76700.51068,211564.0172,11246.73355,62633.51757,20369.69713,60676.73343,80470.47667,668400.5624,358337.2367,14420.69923,14201.65281,1026518.753,-219.0464193,,util,1.04023453,2.874728128,1.715679443,14.47531145,2.775356187,55.57656457,12.46018774,53.82081416,76.70051068,211.5640172,11.24673355,62.63351757,20.36969713,60.67673343,80.47047667,668.4005624,358.3372367,14.42069923,14.20165281,1026.518753,-0.219046419,1026.737799
cons,372.9365061,816.1435692,610.206991,4472.427138,903.6480563,12044.41139,3792.513784,9638.064576,25384.34263,21192.76888,391798.4426,35467.22461,21464.36892,197056.89,77783.73076,802798.1203,1539183.343,13480.79271,19482.28776,2347982.958,6001.495047,,cons,0.372936506,0.816143569,0.610206991,4.472427138,0.903648056,12.04441139,3.792513784,9.638064576,25.38434263,21.19276888,391.7984426,35.46722461,21.46436892,197.05689,77.78373076,802.7981203,1539.183343,13.48079271,19.48228776,2347.982958,6.001495047,2341.981463
ser1,931.9910483,1918.477994,1432.916903,56638.17244,3391.679468,286848.3875,77110.09695,171454.5018,425845.5389,35949.89506,138724.2954,292177.845,93670.55928,162471.1714,190159.8555,1938725.385,2372884.483,147678.2576,152584.8815,4316516.492,4906.623892,,ser1,0.931991048,1.918477994,1.432916903,56.63817244,3.391679468,286.8483875,77.11009695,171.4545018,425.8455389,35.94989506,138.7242954,292.177845,93.67055928,162.4711714,190.1598555,1938.725385,2372.884483,147.6782576,152.5848815,4316.516492,4.906623892,4311.609868
tran,1088.775716,2415.089989,1776.405286,10041.30856,3260.675599,89031.13644,51592.64445,58678.05913,119235.6628,22615.69632,32029.80569,238399.2993,428943.8629,85014.97446,66172.26955,1210295.666,503495.6456,188356.0395,306883.169,1832318.441,118527.1295,,tran,1.088775716,2.415089989,1.776405286,10.04130856,3.260675599,89.03113644,51.59264445,58.67805913,119.2356628,22.61569632,32.02980569,238.3992993,428.9438629,85.01497446,66.17226955,1210.295666,503.4956456,188.3560395,306.883169,1832.318441,118.5271295,1713.791312
ser2,1593.460838,4952.912409,3309.774976,43121.04573,5194.0977,238855.1669,40551.18597,191779.1329,438431.242,77838.53206,250404.6484,781610.7441,222289.5108,2085885.104,602338.8672,4988155.426,3056095.956,408172.9973,507447.8168,8143526.201,99274.81945,,ser2,1.593460838,4.952912409,3.309774976,43.12104573,5.1940977,238.8551669,40.55118597,191.7791329,438.431242,77.83853206,250.4046484,781.6107441,222.2895108,2085.885104,602.3388672,4988.155426,3056.095956,408.1729973,507.4478168,8143.526201,99.27481945,8044.251382
ser3,277.1346663,625.6570515,454.4221374,8855.600868,801.598694,39523.98459,5421.143673,26094.65302,49357.20672,18635.81253,18306.38805,74237.87979,27818.44116,168187.3138,414350.8457,852948.0824,4820480.018,70081.28091,40072.5703,5643419.39,-30008.71061,,ser3,0.277134666,0.625657051,0.454422137,8.855600868,0.801598694,39.52398459,5.421143673,26.09465302,49.35720672,18.63581253,18.30638805,74.23787979,27.81844116,168.1873138,414.3508457,852.9480824,4820.480018,70.08128091,40.0725703,5643.41939,-30.00871061,5673.4281
Intmed,9284.037569,23048.26034,16272.12158,339432.2607,29806.68211,1582152.756,607047.8196,1054147.729,3296525.719,598587.3867,1343203.45,1947083.388,1003530.096,3047522.9,1830307.615,,,,,,,,Intmed,9.284037569,23.04826034,16.27212158,339.4322607,29.80668211,1582.152756,607.0478196,1054.147729,3296.525719,598.5873867,1343.20345,1947.083388,1003.530096,3047.5229,1830.307615,,,,,,,
VA,14019.44024,55004.78466,32095.64007,318329.1754,40385.37376,725504.2109,109279.4147,553952.3134,1521338.867,427931.366,1004779.508,2369433.104,828788.3457,5096003.301,3813111.775,,,,,,,,VA,14.01944024,55.00478466,32.09564007,318.3291754,40.38537376,725.5042109,109.2794147,553.9523134,1521.338867,427.931366,1004.779508,2369.433104,828.7883457,5096.003301,3813.111775,,,,,,,
TO,23303.47781,78053.045,48367.76165,657761.4361,70192.05587,2307656.967,716327.2343,1608100.042,4817864.585,1026518.753,2347982.958,4316516.492,1832318.441,8143526.201,5643419.39,,,,,,,,TO,23.30347781,78.053045,48.36776165,657.7614361,70.19205587,2307.656967,716.3272343,1608.100042,4817.864585,1026.518753,2347.982958,4316.516492,1832.318441,8143.526201,5643.41939,,,,,,,
Cap,5558.520428,39413.58746,20852.75893,154350.8385,18630.42117,210196.2483,44037.83158,198677.0694,248177.6952,306299.1058,257498.1202,570176.0853,245243.2291,2779806.851,677642.0548,,,,,,,,Cap,5.558520428,39.41358746,20.85275893,154.3508385,18.63042117,210.1962483,44.03783158,198.6770694,248.1776952,306.2991058,257.4981202,570.1760853,245.2432291,2779.806851,677.6420548,,,,,,,
Lab,8460.919813,15591.1972,11242.88114,163978.337,21754.95259,515307.9626,65241.5831,355275.244,1273161.171,121632.2603,747281.3882,1799257.019,583545.1166,2316196.45,3135469.72,,,,,,,,Lab,8.460919813,15.5911972,11.24288114,163.978337,21.75495259,515.3079626,65.2415831,355.275244,1273.161171,121.6322603,747.2813882,1799.257019,583.5451166,2316.19645,3135.46972,,,,,,,
,,,,,,,,,,,,,,,,,,,,,,,,,,,,,,,,,,,,,,,,,,,,,
,,,,,,,,,,,,,,,,,,,,,,,,,,,,,,,,,,,,,,,,,,,,,
NM,coal,crude,natgas,agr,mine,man1,ref,man2,man3,util,cons,ser1,tran,ser2,ser3,Int,fin,Imp,Exp,TO,NX,,NM,coal,crude,natgas,agr,mine,man1,ref,man2,man3,util,cons,ser1,tran,ser2,ser3,Int,fin,Imp,Exp,TO,NX,Cons
coal,0.058971778,0.279335265,0.214848878,5.984345078,0.471814727,0.354906616,0,2.695713232,88.47747127,174.7093423,1.187445239,0,0,0,0,274.4341944,8.293753895,147.7369901,9778.49735,9913.488308,9630.76036,,coal,5.89718E-05,0.000279335,0.000214849,0.005984345,0.000471815,0.000354907,0,0.002695713,0.088477471,0.174709342,0.001187445,0,0,0,0,0.274434194,0.008293754,0.14773699,9.77849735,9.913488308,9.63076036,0.282727948
crude,0,0,0,0,0,0,30100.72668,0,0,0,0,0,0,0,0,30100.72668,0,129.7767047,77554.10169,107525.0517,77424.32498,,crude,0,0,0,0,0,0,30.10072668,0,0,0,0,0,0,0,0,30.10072668,0,0.129776705,77.55410169,107.5250517,77.42432498,30.10072668
natgas,116.2591656,550.6919691,423.5610982,331.295052,930.1531678,517.2369922,395.5987791,21313.8961,826.7318552,1082.256023,3153.548231,633.182209,384.860736,1069.07903,1038.468649,32766.81906,4467.871744,3664.073254,25447.32108,59017.93863,21783.24783,,natgas,0.116259166,0.550691969,0.423561098,0.331295052,0.930153168,0.517236992,0.395598779,21.3138961,0.826731855,1.082256023,3.153548231,0.633182209,0.384860736,1.06907903,1.038468649,32.76681906,4.467871744,3.664073254,25.44732108,59.01793863,21.78324783,37.2346908
agr,2.152231984,11.20614002,8.223579412,25729.64866,17.58960016,66451.56694,64.69842091,729.6903281,250.0518412,66.31342182,1687.594302,3153.006813,161.6437732,198.9525343,1357.551071,99889.88966,49652.14773,17676.94623,23685.62265,155550.7138,6008.676414,,agr,0.002152232,0.01120614,0.008223579,25.72964866,0.0175896,66.45156694,0.064698421,0.729690328,0.250051841,0.066313422,1.687594302,3.153006813,0.161643773,0.198952534,1.357551071,99.88988966,49.65214773,17.67694623,23.68562265,155.5507138,6.008676414,149.5420374
mine,152.8783778,1968.267288,1027.378747,69.01437218,1678.536413,602.5590895,30451.71549,3614.722364,15873.9689,1268.178475,4277.054543,151.9736023,518.9046276,53.24176848,377.6404277,62086.03449,19224.17167,27616.83391,47791.71507,101485.0873,20174.88116,,mine,0.152878378,1.968267288,1.027378747,0.069014372,1.678536413,0.602559089,30.45171549,3.614722364,15.8739689,1.268178475,4.277054543,0.151973602,0.518904628,0.053241768,0.377640428,62.08603449,19.22417167,27.61683391,47.79171507,101.4850873,20.17488116,81.31020616
man1,50.25879843,348.1187124,224.7173266,9914.069273,442.3899788,73470.97286,549.5878508,5651.109466,16880.35532,578.2070822,23741.59657,28265.56874,1628.193503,16779.43423,12243.63899,190768.2187,263752.8202,96306.10185,71493.45411,429708.3912,-24812.64774,,man1,0.050258798,0.348118712,0.224717327,9.914069273,0.442389979,73.47097286,0.549587851,5.651109466,16.88035532,0.578207082,23.74159657,28.26556874,1.628193503,16.77943423,12.24363899,190.7682187,263.7528202,96.30610185,71.49345411,429.7083912,-24.81264774,454.5210389
ref,112.8739224,1273.606767,690.6267898,4303.361366,1173.558355,3727.848976,4034.606217,9499.598313,4859.05036,4777.930699,5825.000019,3960.287726,20547.34814,4408.708347,6813.107438,76007.51344,55029.54802,53535.97526,27584.83414,105085.9203,-25951.14112,,ref,0.112873922,1.273606767,0.69062679,4.303361366,1.173558355,3.727848976,4.034606217,9.499598313,4.85905036,4.777930699,5.825000019,3.960287726,20.54734814,4.408708347,6.813107438,76.00751344,55.02954802,53.53597526,27.58483414,105.0859203,-25.95114112,131.0370615
man2,137.231881,3011.031688,1392.669339,7863.860124,1962.182172,16625.28157,4421.606643,52052.95575,34081.11653,6096.82628,33985.9502,13825.94451,2649.517355,5554.493924,16775.21305,200435.881,74191.74734,109078.5277,64895.08371,230444.1844,-44183.44394,,man2,0.137231881,3.011031688,1.392669339,7.863860124,1.962182172,16.62528157,4.421606643,52.05295575,34.08111653,6.09682628,33.9859502,13.82594451,2.649517355,5.554493924,16.77521305,200.435881,74.19174734,109.0785277,64.89508371,230.4441844,-44.18344394,274.6276284
man3,254.9878563,2070.637338,1255.219109,2968.29423,2355.909777,7442.162107,1018.387768,5879.03082,332997.7942,1914.18934,59907.66136,29239.82491,6364.110564,11989.90833,18164.66001,483822.7778,350248.133,404002.4771,356576.2853,786644.719,-47426.19176,,man3,0.254987856,2.070637338,1.255219109,2.96829423,2.355909777,7.442162107,1.018387768,5.87903082,332.9977942,1.91418934,59.90766136,29.23982491,6.364110564,11.98990833,18.16466001,483.8227778,350.248133,404.0024771,356.5762853,786.644719,-47.42619176,834.0709107
util,100.2975493,809.2398434,491.7535903,2063.055401,924.7650144,6657.842344,528.4114459,4515.042287,8356.80199,6132.055668,791.4828529,7669.812407,1270.340998,5649.176156,8853.211764,54813.28931,32570.43848,1887.785498,4322.620961,89818.56326,2434.835463,,util,0.100297549,0.809239843,0.49175359,2.063055401,0.924765014,6.657842344,0.528411446,4.515042287,8.35680199,6.132055668,0.791482853,7.669812407,1.270340998,5.649176156,8.853211764,54.81328931,32.57043848,1.887785498,4.322620961,89.81856326,2.434835463,87.38372779
cons,56.51993906,301.7011343,218.7640142,1138.490373,464.6364342,731.2648826,218.5060056,315.2245277,1180.996007,1842.472971,9397.654665,1129.660459,1396.927604,14125.2163,6885.890025,39403.92534,343460.2241,364.6522937,246.3295391,382745.8267,-118.3227546,,cons,0.056519939,0.301701134,0.218764014,1.138490373,0.464636434,0.731264883,0.218506006,0.315224528,1.180996007,1.842472971,9.397654665,1.129660459,1.396927604,14.1252163,6.885890025,39.40392534,343.4602241,0.364652294,0.246329539,382.7458267,-0.118322755,382.8641495
ser1,669.7156045,4855.663686,3076.431508,15314.29516,5974.379007,43100.16851,9586.020506,21425.31314,63172.50791,7075.895419,28569.12164,25656.23129,17275.5572,28859.02203,50122.02597,324732.3486,336216.4792,18382.54883,40171.24533,682737.5243,21788.69651,,ser1,0.669715605,4.855663686,3.076431508,15.31429516,5.974379007,43.10016851,9.586020506,21.42531314,63.17250791,7.075895419,28.56912164,25.65623129,17.2755572,28.85902203,50.12202597,324.7323486,336.2164792,18.38254883,40.17124533,682.7375243,21.78869651,660.9488278
tran,108.3460673,1042.09276,594.7039158,5491.597077,1060.438408,9330.136907,5838.402197,5125.547635,13030.23364,1824.917784,6384.809107,7136.225759,30011.36814,12569.11058,19927.87425,119475.8042,128449.4149,15104.17898,26190.00622,259011.0464,11085.82724,,tran,0.108346067,1.04209276,0.594703916,5.491597077,1.060438408,9.330136907,5.838402197,5.125547635,13.03023364,1.824917784,6.384809107,7.136225759,30.01136814,12.56911058,19.92787425,119.4758042,128.4494149,15.10417898,26.19000622,259.0110464,11.08582724,247.9252192
ser2,676.2904372,5916.01937,3489.533237,8313.223655,6403.720949,29637.61235,4191.340613,16305.74918,43165.41882,4767.105588,28603.86795,87826.43007,22132.40655,154261.9864,67432.5868,483123.292,481565.8025,60447.72156,38983.08573,943224.4586,-21464.63584,,ser2,0.676290437,5.91601937,3.489533237,8.313223655,6.403720949,29.63761235,4.191340613,16.30574918,43.16541882,4.767105588,28.60386795,87.82643007,22.13240655,154.2619864,67.4325868,483.123292,481.5658025,60.44772156,38.98308573,943.2244586,-21.46463584,964.6890945
ser3,116.3021328,577.0797161,433.6179644,921.9190827,940.0815579,4214.241694,416.4115536,2708.241117,5858.025007,1251.40822,2959.280757,15616.03381,3829.327002,27348.35744,61816.9734,129007.3005,668164.4135,14596.89429,13564.88441,796139.704,-1032.009877,,ser3,0.116302133,0.577079716,0.433617964,0.921919083,0.940081558,4.214241694,0.416411554,2.708241117,5.858025007,1.25140822,2.959280757,15.61603381,3.829327002,27.34835744,61.8169734,129.0073005,668.1644135,14.59689429,13.56488441,796.139704,-1.032009877,797.1717139
Intmed,2554.172936,22735.63575,13327.41507,84428.10818,24328.81265,262509.2501,91816.02017,149138.8167,540621.5299,38852.46631,209285.8096,224264.1823,108170.5062,282866.6871,271808.8418,,,,,,,,Intmed,2.554172936,22.73563575,13.32741507,84.42810818,24.32881265,262.5092501,91.81602017,149.1388167,540.6215299,38.85246631,209.2858096,224.2641823,108.1705062,282.8666871,271.8088418,,,,,,,
VA,7359.315373,84789.41591,45690.52356,71122.60563,77156.27466,167199.1411,13269.90017,81305.3677,246023.1891,50966.09695,173460.0171,458473.342,150840.5402,660357.7715,524330.8622,,,,,,,,VA,7.359315373,84.78941591,45.69052356,71.12260563,77.15627466,167.1991411,13.26990017,81.3053677,246.0231891,50.96609695,173.4600171,458.473342,150.8405402,660.3577715,524.3308622,,,,,,,
TO,9913.488308,107525.0517,59017.93863,155550.7138,101485.0873,429708.3912,105085.9203,230444.1844,786644.719,89818.56326,382745.8267,682737.5243,259011.0464,943224.4586,796139.704,,,,,,,,TO,9.913488308,107.5250517,59.01793863,155.5507138,101.4850873,429.7083912,105.0859203,230.4441844,786.644719,89.81856326,382.7458267,682.7375243,259.0110464,943.2244586,796.139704,,,,,,,
Cap,6200.062481,78234.24649,41284.0722,45476.5245,67891.03537,92932.12911,9160.440501,42366.15075,106168.9588,37154.85836,69057.58922,230301.3591,77204.08421,449892.1436,112886.3455,,,,,,,,Cap,6.200062481,78.23424649,41.2840722,45.4765245,67.89103537,92.93212911,9.160440501,42.36615075,106.1689588,37.15485836,69.05758922,230.3013591,77.20408421,449.8921436,112.8863455,,,,,,,
Lab,1159.252891,6555.16942,4406.451358,25646.08113,9265.239293,74267.01197,4109.459668,38939.21695,139854.2303,13811.23858,104402.4279,228171.9829,73636.45601,210465.6279,411444.5167,,,,,,,,Lab,1.159252891,6.55516942,4.406451358,25.64608113,9.265239293,74.26701197,4.109459668,38.93921695,139.8542303,13.81123858,104.4024279,228.1719829,73.63645601,210.4656279,411.4445167,,,,,,,
,,,,,,,,,,,,,,,,,,,,,,,,,,,,,,,,,,,,,,,,,,,,,
,,,,,,,,,,,,,,,,,,,,,,,,,,,,,,,,,,,,,,,,,,,,,
US,coal,crude,natgas,agr,mine,man1,ref,man2,man3,util,cons,ser1,tran,ser2,ser3,Int,fin,Imp,Exp,TO,NX,,US,coal,crude,natgas,agr,mine,man1,ref,man2,man3,util,cons,ser1,tran,ser2,ser3,Int,fin,Imp,Exp,TO,NX,Cons
coal,219.6486199,1380.961407,1803.363712,377.4261992,675.405979,2175.410222,72.53760308,1194.020848,6648.081935,5114.828164,0,206.0169993,540.6325623,469.4017869,10241.74303,31119.47906,1185.024231,9305.723299,4396.84982,27395.62981,-4908.873479,,coal,0.21964862,1.380961407,1.803363712,0.377426199,0.675405979,2.175410222,0.072537603,1.194020848,6.648081935,5.114828164,0,0.206016999,0.540632562,0.469401787,10.24174303,31.11947906,1.185024231,9.305723299,4.39684982,27.39562981,-4.908873479,32.30450329
crude,0,0,0,0,0,0,403071.5189,0,0,0,0,0,0,0,0,403071.5189,0,240499.8884,9668.502404,172240.1329,-230831.386,,crude,0,0,0,0,0,0,403.0715189,0,0,0,0,0,0,0,0,403.0715189,0,240.4998884,9.668502404,172.2401329,-230.831386,403.0715189
natgas,2012.501168,12652.8746,16523.07936,0,6188.31715,139.9111128,3770.241436,5930.117181,86.68630549,54777.12758,0.237107087,2690.545739,5254.073095,2711.458783,14471.35223,127208.5228,150853.9868,59787.52332,6649.18892,224924.1753,-53138.3344,,natgas,2.012501168,12.6528746,16.52307936,0,6.18831715,0.139911113,3.770241436,5.930117181,0.086686305,54.77712758,0.000237107,2.690545739,5.254073095,2.711458783,14.47135223,127.2085228,150.8539868,59.78752332,6.64918892,224.9241753,-53.1383344,278.0625097
agr,0.493539447,3.10295111,4.052067933,74727.60805,1.517603404,238648.3863,14.78779347,5132.261518,487.5227545,1.876100031,1308.734433,11393.59091,42.27156961,2445.442977,3516.156371,337727.805,79579.54912,50365.35002,55485.87098,422427.875,5120.520961,,agr,0.000493539,0.003102951,0.004052068,74.72760805,0.001517603,238.6483863,0.014787793,5.132261518,0.487522755,0.0018761,1.308734433,11.39359091,0.04227157,2.445442977,3.516156371,337.727805,79.57954912,50.36535002,55.48587098,422.427875,5.120520961,417.3073541
mine,297.0953887,1867.880009,2439.2188,1879.831314,913.5500236,1086.628012,89.98548115,14120.74246,17983.13851,502.9822332,14308.27758,182.7887987,1558.366767,4023.079869,6985.900099,68239.46535,17625.8823,13922.26801,12296.79487,84239.8745,-1625.473147,,mine,0.297095389,1.867880009,2.4392188,1.879831314,0.913550024,1.086628012,0.089985481,14.12074246,17.98313851,0.502982233,14.30827758,0.182788799,1.558366767,4.023079869,6.985900099,68.23946535,17.6258823,13.92226801,12.29679487,84.2398745,-1.625473147,85.86534765
man1,229.8532912,1445.119594,1887.146319,29361.8658,706.7847147,292757.5037,524.8391188,25972.54079,37576.2675,291.3583589,27102.46961,147322.5329,3971.402066,68016.79097,169399.5349,806566.0097,810745.1859,274123.6889,136010.9003,1479198.407,-138112.7886,,man1,0.229853291,1.445119594,1.887146319,29.3618658,0.706784715,292.7575037,0.524839119,25.97254079,37.5762675,0.291358359,27.10246961,147.3225329,3.971402066,68.01679097,169.3995349,806.5660097,810.7451859,274.1236889,136.0109003,1479.198407,-138.1127886,1617.311196
ref,425.3458826,2674.208692,3492.183699,25575.39443,1307.912394,9982.61654,38792.49782,39101.41922,7603.939549,2093.091388,58261.28694,32039.67441,109881.4522,46394.57633,84963.31195,462588.9115,219203.0144,100917.4391,110438.8883,691313.375,9521.449154,,ref,0.425345883,2.674208692,3.492183699,25.57539443,1.307912394,9.98261654,38.79249782,39.10141922,7.603939549,2.093091388,58.26128694,32.03967441,109.8814522,46.39457633,84.96331195,462.5889115,219.2030144,100.9174391,110.4388883,691.313375,9.521449154,681.7919259
man2,860.4752808,5409.927706,7064.692222,28114.15332,2645.908495,66242.07359,5010.027783,264216.6541,82195.50975,314.0825119,66639.71797,40012.02385,5402.232561,34206.86638,115529.3302,723863.6758,309307.6494,268902.8098,184684.9065,948953.4219,-84217.90328,,man2,0.860475281,5.409927706,7.064692222,28.11415332,2.645908495,66.24207359,5.010027783,264.2166541,82.19550975,0.314082512,66.63971797,40.01202385,5.402232561,34.20686638,115.5293302,723.8636758,309.3076494,268.9028098,184.6849065,948.9534219,-84.21790328,1033.171325
man3,1723.867781,10838.19637,14153.33546,6376.326604,5300.78726,47787.03044,1120.352159,37615.88097,704249.8412,824.2702881,111917.6897,83251.631,23521.85212,92192.91909,178813.0908,1319687.071,1247970.56,1033415.105,686795.2233,2221037.75,-346619.8814,,man3,1.723867781,10.83819637,14.15333546,6.376326604,5.30078726,47.78703044,1.120352159,37.61588097,704.2498412,0.824270288,111.9176897,83.251631,23.52185212,92.19291909,178.8130908,1319.687071,1247.97056,1033.415105,686.7952233,2221.03775,-346.6198814,2567.657631
util,367.6056726,2311.187965,3018.123814,4351.263426,1130.364804,18911.90691,1936.818503,16958.053,17029.84958,212.3086748,2816.230504,26326.4784,1766.91025,20663.24216,37375.11852,155175.4622,191864.2403,4616.104417,722.6832402,343146.2813,-3893.421176,,util,0.367605673,2.311187965,3.018123814,4.351263426,1.130364804,18.91190691,1.936818503,16.958053,17.02984958,0.212308675,2.816230504,26.3264784,1.76691025,20.66324216,37.37511852,155.1754622,191.8642403,4.616104417,0.72268324,343.1462813,-3.893421176,347.0397024
cons,618.0805542,3885.958364,5074.577947,1799.524975,1900.559639,5651.533092,471.7596056,4223.213462,7444.845381,4255.257524,925.9368497,11800.80407,6558.452363,58942.67567,78028.37415,191581.5537,873620.675,1336.288782,88.56009,1063954.5,-1247.728692,,cons,0.618080554,3.885958364,5.074577947,1.799524975,1.900559639,5.651533092,0.471759606,4.223213462,7.444845381,4.255257524,0.92593685,11.80080407,6.558452363,58.94267567,78.02837415,191.5815537,873.620675,1.336288782,0.08856009,1063.9545,-1.247728692,1065.202229
ser1,554.97621,3489.21258,4556.477335,23700.76369,1706.517667,97382.05355,21058.57023,49388.91546,118807.3176,3464.523781,79479.60099,152045.2022,25154.75767,189489.7837,183576.2031,953854.8757,2687145.299,28698.24444,145175.3816,3757477.312,116477.1371,,ser1,0.55497621,3.48921258,4.556477335,23.70076369,1.706517667,97.38205355,21.05857023,49.38891546,118.8073176,3.464523781,79.47960099,152.0452022,25.15475767,189.4897837,183.5762031,953.8548757,2687.145299,28.69824444,145.1753816,3757.477312,116.4771371,3641.000175
tran,611.8841066,3847.000437,5023.703743,7716.263659,1881.505944,46276.32433,15868.0314,24692.75852,36058.42493,12504.43952,14303.45227,95661.12478,62799.20657,56812.65819,83047.52775,467104.3061,272303.6083,46393.76811,106215.1701,799229.3164,59821.40199,,tran,0.611884107,3.847000437,5.023703743,7.716263659,1.881505944,46.27632433,15.8680314,24.69275852,36.05842493,12.50443952,14.30345227,95.66112478,62.79920657,56.81265819,83.04752775,467.1043061,272.3036083,46.39376811,106.2151701,799.2293164,59.82140199,739.4079144
ser2,3537.027609,22237.78426,29039.77836,32764.29416,10876.14207,173956.5408,3030.999543,106875.0625,251161.7411,8979.182977,116945.3006,638434.3512,123434.0795,2316424.947,1206303.35,5044000.582,3356794.682,252892.5519,331286.0388,8479188.75,78393.48699,,ser2,3.537027609,22.23778426,29.03977836,32.76429416,10.87614207,173.9565408,3.030999543,106.8750625,251.1617411,8.979182977,116.9453006,638.4343512,123.4340795,2316.424947,1206.30335,5044.000582,3356.794682,252.8925519,331.2860388,8479.18875,78.39348699,8400.795263
ser3,356.0071684,2238.266556,2922.897531,5432.418566,1094.700118,25114.53082,1087.858288,16353.68039,27379.78719,1184.455352,16645.46645,76911.97286,13286.63896,176001.6164,299139.0666,665149.3633,5500893.668,13808.65127,51159.14977,6203393.53,37350.4985,,ser3,0.356007168,2.238266556,2.922897531,5.432418566,1.094700118,25.11453082,1.087858288,16.35368039,27.37978719,1.184455352,16.64546645,76.91197286,13.28663896,176.0016164,299.1390666,665.1493633,5500.893668,13.80865127,51.15914977,6203.39353,37.3504985,6166.043031
Intmed,11814.86227,74281.6815,97002.63037,242177.1342,36329.97386,1026112.45,495920.8257,611775.3205,1314712.953,94519.78446,510654.4011,1318278.738,383172.3283,3068795.459,2471390.06,,,,,,,,Intmed,11.81486227,74.2816815,97.00263037,242.1771342,36.32997386,1026.11245,495.9208257,611.7753205,1314.712953,94.51978446,510.6544011,1318.278738,383.1723283,3068.795459,2471.39006,,,,,,,
VA,15580.76754,97958.45144,127921.5449,180250.7408,47909.90064,453085.9575,195392.5493,337178.1014,906324.7967,248626.4968,553300.0989,2439198.574,416056.9881,5410393.291,3732003.47,,,,,,,,VA,15.58076754,97.95845144,127.9215449,180.2507408,47.90990064,453.0859575,195.3925493,337.1781014,906.3247967,248.6264968,553.3000989,2439.198574,416.0569881,5410.393291,3732.00347,,,,,,,
TO,27395.62981,172240.1329,224924.1753,422427.875,84239.8745,1479198.407,691313.375,948953.4219,2221037.75,343146.2813,1063954.5,3757477.312,799229.3164,8479188.75,6203393.53,,,,,,,,TO,27.39562981,172.2401329,224.9241753,422.427875,84.2398745,1479.198407,691.313375,948.9534219,2221.03775,343.1462813,1063.9545,3757.477312,799.2293164,8479.18875,6203.39353,,,,,,,
Cap,11164.37321,70191.96634,91661.97141,87399.63262,34329.76006,201511.9154,166216.5732,177119.3564,342251.0701,182584.5314,65707.46357,901146.0367,116418.6557,2931508.95,760984.6332,,,,,,,,Cap,11.16437321,70.19196634,91.66197141,87.39963262,34.32976006,201.5119154,166.2165732,177.1193564,342.2510701,182.5845314,65.70746357,901.1460367,116.4186557,2931.50895,760.9846332,,,,,,,
Lab,4416.394333,27766.4851,36259.5735,92851.10823,13580.14059,251574.0421,29175.97609,160058.745,564073.7266,66041.96538,487592.6354,1538052.537,299638.3323,2478884.341,2971018.837,,,,,,,,Lab,4.416394333,27.7664851,36.2595735,92.85110823,13.58014059,251.5740421,29.17597609,160.058745,564.0737266,66.04196538,487.5926354,1538.052537,299.6383323,2478.884341,2971.018837,,,,,,,
,,,,,,,,,,,,,,,,,,,,,,,,,,,,,,,,,,,,,,,,,,,,,
,,,,,,,,,,,,,,,,,,,,,,,,,,,,,,,,,,,,,,,,,,,,,
RW,coal,crude,natgas,agr,mine,man1,ref,man2,man3,util,cons,ser1,tran,ser2,ser3,Int,fin,Imp,Exp,TO,NX,,RW,coal,crude,natgas,agr,mine,man1,ref,man2,man3,util,cons,ser1,tran,ser2,ser3,Int,fin,Imp,Exp,TO,NX,Cons
coal,4657.796851,10668.00265,16768.96468,9603.881116,14170.97298,18112.13582,30664.45721,19876.91752,39146.95382,115737.5133,2076.505864,12706.88304,9236.924293,7392.905465,18644.88154,329465.6961,35407.66376,5820.209732,88311.32391,447364.4741,82491.11418,,coal,4.657796851,10.66800265,16.76896468,9.603881116,14.17097298,18.11213582,30.66445721,19.87691752,39.14695382,115.7375133,2.076505864,12.70688304,9.236924293,7.392905465,18.64488154,329.4656961,35.40766376,5.820209732,88.31132391,447.3644741,82.49111418,364.8733599
crude,83.84695986,144.2404888,194.6092861,1.99467269,310.2558191,10.32549914,559536.7995,588.9344056,21.23844582,4779.430669,0.457291014,9.668842972,4.29196707,26.79487177,21.1660378,565734.0547,0,12905.23659,463498.7487,1016327.567,450593.5121,,crude,0.08384696,0.144240489,0.194609286,0.001994673,0.310255819,0.010325499,559.5367995,0.588934406,0.021238446,4.779430669,0.000457291,0.009668843,0.004291967,0.026794872,0.021166038,565.7340547,0,12.90523659,463.4987487,1016.327567,450.5935121,565.7340547
natgas,67883.39918,144817.2387,250688.4715,169.3630904,207301.3254,25877.82274,2170.792266,133142.4743,40918.74445,253806.2964,6802.041196,11346.87802,30832.62191,19973.46204,7674.490075,1203405.421,170964.2426,10180.84307,148870.6786,1513059.499,138689.8356,,natgas,67.88339918,144.8172387,250.6884715,0.16936309,207.3013254,25.87782274,2.170792266,133.1424743,40.91874445,253.8062964,6.802041196,11.34687802,30.83262191,19.97346204,7.674490075,1203.405421,170.9642426,10.18084307,148.8706786,1513.059499,138.6898356,1374.369664
agr,270.6495075,612.1685494,868.4491627,303260.1752,732.8952377,861941.9147,4250.287177,18901.9888,7909.958528,171.9151503,27848.11256,108053.4922,13332.51496,7513.151671,28433.62998,1384101.303,1245787.217,73374.77116,154673.8273,2711187.576,81299.05611,,agr,0.270649508,0.612168549,0.868449163,303.2601752,0.732895238,861.9419147,4.250287177,18.9019888,7.909958528,0.17191515,27.84811256,108.0534922,13.33251496,7.513151671,28.43362998,1384.101303,1245.787217,73.37477116,154.6738273,2711.187576,81.29905611,2629.88852
mine,22525.82331,51999.13311,83187.05852,13026.69914,70571.94116,15572.51879,26092.53049,79750.58322,295031.6115,20107.44372,372658.2385,4746.342831,12594.35717,5318.387758,47077.7027,1120260.372,32212.45075,34017.15139,198608.4998,1317064.171,164591.3484,,mine,22.52582331,51.99913311,83.18705852,13.02669914,70.57194116,15.57251879,26.09253049,79.75058322,295.0316115,20.10744372,372.6582385,4.746342831,12.59435717,5.318387758,47.0777027,1120.260372,32.21245075,34.01715139,198.6084998,1317.064171,164.5913484,1152.472823
man1,1579.720665,3560.99867,5002.160914,155378.749,4516.885959,922078.7315,2599.000067,68824.47453,109870.8918,7129.85694,127200.4287,349006.6358,43664.6926,153237.2555,219582.8789,2173233.362,2485209.758,532366.2947,409094.202,4535171.027,-123272.0927,,man1,1.579720665,3.56099867,5.002160914,155.378749,4.516885959,922.0787315,2.599000067,68.82447453,109.8708918,7.12985694,127.2004287,349.0066358,43.6646926,153.2372555,219.5828789,2173.233362,2485.209758,532.3662947,409.094202,4535.171027,-123.2720927,4658.443119
ref,3439.443147,9399.241391,9724.116399,44708.76803,10517.87138,34435.73197,69163.2477,134759.0816,67963.20636,72856.33933,74856.97754,64083.0548,238477.632,54629.76069,65312.89434,954327.3667,294155.6366,115434.5098,192094.2021,1325142.696,76659.69226,,ref,3.439443147,9.399241391,9.724116399,44.70876803,10.51787138,34.43573197,69.1632477,134.7590816,67.96320636,72.85633933,74.85697754,64.0830548,238.477632,54.62976069,65.31289434,954.3273667,294.1556366,115.4345098,192.0942021,1325.142696,76.65969226,1248.483003
man2,4675.855928,11658.65514,14309.59558,93712.10086,12905.41772,166934.2008,13377.09043,635841.8436,332615.5439,17505.82691,406950.6678,51869.49839,47304.84086,52301.51625,217926.1326,2079888.787,404708.7844,447741.2338,441234.652,2478090.989,-6506.581795,,man2,4.675855928,11.65865514,14.30959558,93.71210086,12.90541772,166.9342008,13.37709043,635.8418436,332.6155439,17.50582691,406.9506678,51.86949839,47.30484086,52.30151625,217.9261326,2079.888787,404.7087844,447.7412338,441.234652,2478.090989,-6.506581795,2484.597571
man3,13282.58531,32266.50999,42696.77368,30649.97669,38323.77907,88216.50784,13732.21344,85722.84078,2974520.104,56754.34171,679931.2335,159737.0675,178320.806,204473.9175,201646.9988,4800275.656,2740239.616,1721687.576,1344722.473,7163550.169,-376965.1032,,man3,13.28258531,32.26650999,42.69677368,30.64997669,38.32377907,88.21650784,13.73221344,85.72284078,2974.520104,56.75434171,679.9312335,159.7370675,178.320806,204.4739175,201.6469988,4800.275656,2740.239616,1721.687576,1344.722473,7163.550169,-376.9651032,7540.515272
util,14296.67641,34987.45735,48500.0065,26906.68384,39101.49956,77444.41782,27300.39922,74552.47133,132907.5981,180500.6703,45827.88334,118592.1039,66793.32822,96802.57657,163228.8681,1147742.641,396409.0737,10382.23438,12815.60315,1546585.083,2433.368775,,util,14.29667641,34.98745735,48.5000065,26.90668384,39.10149956,77.44441782,27.30039922,74.55247133,132.9075981,180.5006703,45.82788334,118.5921039,66.79332822,96.80257657,163.2288681,1147.742641,396.4090737,10.38223438,12.81560315,1546.585083,2.433368775,1544.151714
cons,2712.632977,5423.80813,7195.333791,12553.35846,8664.286059,12146.91732,3288.088629,11638.68139,22571.18098,25874.91772,151053.8716,37525.67319,35039.88858,126198.7066,113568.616,575455.9615,3904850.47,15699.47242,8728.637045,4473335.596,-6970.835375,,cons,2.712632977,5.42380813,7.195333791,12.55335846,8.664286059,12.14691732,3.288088629,11.63868139,22.57118098,25.87491772,151.0538716,37.52567319,35.03988858,126.1987066,113.568616,575.4559615,3904.85047,15.69947242,8.728637045,4473.335596,-6.970835375,4480.306432
ser1,10118.13928,24353.68172,32128.15538,143077.7298,30308.06854,430649.2069,106657.7911,173201.4901,454657.0064,76281.67874,339126.1273,310688.6761,184216.7499,303377.0568,337659.8809,2956501.439,3648537.896,353247.5616,138284.3706,6390076.144,-214963.191,,ser1,10.11813928,24.35368172,32.12815538,143.0777298,30.30806854,430.6492069,106.6577911,173.2014901,454.6570064,76.28167874,339.1261273,310.6886761,184.2167499,303.3770568,337.6598809,2956.501439,3648.537896,353.2475616,138.2843706,6390.076144,-214.963191,6605.039335
tran,12323.68069,29374.11968,40737.74527,64143.0157,37361.23977,184268.2423,78688.83783,93838.58894,198687.4733,40865.54006,240936.0328,289493.4288,280142.7369,178872.5898,184620.7144,1954353.986,1230146.292,383643.9229,147951.6447,2948808,-235692.2781,,tran,12.32368069,29.37411968,40.73774527,64.1430157,37.36123977,184.2682423,78.68883783,93.83858894,198.6874733,40.86554006,240.9360328,289.4934288,280.1427369,178.8725898,184.6207144,1954.353986,1230.146292,383.6439229,147.9516447,2948.808,-235.6922781,3184.500278
ser2,16254.39814,42447.71694,52095.27081,72243.62421,54316.63268,224533.985,21873.2285,139660.9477,393925.5759,83446.60889,327364.455,757552.6119,298589.9459,1491669.917,698078.9977,4674053.916,4272597.952,422670.4331,267817.3092,8791798.744,-154853.1239,,ser2,16.25439814,42.44771694,52.09527081,72.24362421,54.31663268,224.533985,21.8732285,139.6609477,393.9255759,83.44660889,327.364455,757.5526119,298.5899459,1491.669917,698.0789977,4674.053916,4272.597952,422.6704331,267.8173092,8791.798744,-154.8531239,8946.651868
ser3,4189.982142,11860.64271,13614.29785,15898.92243,12400.29324,38440.00599,3276.427841,20595.96848,53265.62587,13753.54557,30981.57529,100316.182,76333.60634,225024.4266,260877.7772,880829.2795,6250106.066,36490.96634,49770.54924,7144214.929,13279.58289,,ser3,4.189982142,11.86064271,13.61429785,15.89892243,12.40029324,38.44000599,3.276427841,20.59596848,53.26562587,13.75354557,30.98157529,100.316182,76.33360634,225.0244266,260.8777772,880.8292795,6250.106066,36.49096634,49.77054924,7144.214929,13.27958289,7130.935346
Intmed,178294.6305,413573.6152,617711.0093,985335.0423,541503.3646,3100662.665,962671.1914,1690897.287,5124012.714,969571.9254,2833614.608,2375728.197,1514884.938,2926812.425,2564355.629,,,,,,,,Intmed,178.2946305,413.5736152,617.7110093,985.3350423,541.5033646,3100.662665,962.6711914,1690.897287,5124.012714,969.5719254,2833.614608,2375.728197,1514.884938,2926.812425,2564.355629,,,,,,,
VA,269069.8436,602753.9516,895348.4901,1725852.534,775560.8064,1434508.362,362471.5042,787193.7027,2039537.456,577013.1577,1639720.988,4014347.947,1433923.063,5864986.32,4579859.3,,,,,,,,VA,269.0698436,602.7539516,895.3484901,1725.852534,775.5608064,1434.508362,362.4715042,787.1937027,2039.537456,577.0131577,1639.720988,4014.347947,1433.923063,5864.98632,4579.8593,,,,,,,
TO,447364.4741,1016327.567,1513059.499,2711187.576,1317064.171,4535171.027,1325142.696,2478090.989,7163550.169,1546585.083,4473335.596,6390076.144,2948808,8791798.744,7144214.929,,,,,,,,TO,447.3644741,1016.327567,1513.059499,2711.187576,1317.064171,4535.171027,1325.142696,2478.090989,7163.550169,1546.585083,4473.335596,6390.076144,2948.808,8791.798744,7144.214929,,,,,,,
Cap,178516.3143,377188.5367,553261.0131,731935.1638,526576.3229,645566.0355,302294.9446,388458.0246,945306.961,424157.3425,431002.9599,1447829.647,575208.6201,3605108.859,994001.3376,,,,,,,,Cap,178.5163143,377.1885367,553.2610131,731.9351638,526.5763229,645.5660355,302.2949446,388.4580246,945.306961,424.1573425,431.0029599,1447.829647,575.2086201,3605.108859,994.0013376,,,,,,,
Lab,90553.52925,225565.4149,342087.477,993917.3702,248984.4835,788942.326,60176.5596,398735.678,1094230.494,152855.8152,1208718.028,2566518.3,858714.4426,2259877.461,3585857.962,,,,,,,,Lab,90.55352925,225.5654149,342.087477,993.9173702,248.9844835,788.942326,60.1765596,398.735678,1094.230494,152.8558152,1208.718028,2566.5183,858.7144426,2259.877461,3585.857962,,,,,,,
